Time (s),[ps],[e_ps],[b_ps],[mo],[so],[fa],[ofa]
0.0,91.4709258460924,0.0,0.0,2.81260547270523e-07,0.0,0.00100531722303704,0.0
3428.5714285714284,0.003048835080120119,91.46505240360352,0.002824607408605302,8.00508978337238e-11,2.811804963726891e-07,-2.125626615541903e-14,0.0010053172230582983
6857.142857142857,0.003048740932585531,91.46222797756587,0.005649127593789047,8.00533691652675e-11,2.8118049390135753e-07,1.490949781120037e-15,0.0010053172230355511
10285.714285714286,0.0030486467879581682,91.45940363874496,0.008473560559330628,8.005584057307646e-11,2.811804914299497e-07,1.3177825510178947e-14,0.0010053172230238643
13714.285714285714,0.0030485526462379476,91.45657938713835,0.011297906307656907,8.005831205715036e-11,2.8118048895846564e-07,1.0224686601896193e-14,0.0010053172230268174
17142.85714285714,0.0030484585074246387,91.4537552227391,0.01412216484572661,8.006078361750793e-11,2.8118048648690524e-07,8.916125405482987e-15,0.001005317223028126
20571.428571428572,0.003048364371518207,91.45093114554612,0.016946336174614357,8.006325525415441e-11,2.811804840152686e-07,1.4836164841336295e-14,0.001005317223022206
24000.0,0.003048270238518755,91.44810715556257,0.019770420291157706,8.006572696707429e-11,2.811804815435557e-07,1.1551810599251506e-14,0.0010053172230254904
